{"predicted_close": 1.3517272881638862, "predicted_high": 1.357689052247025, "predicted_low": 1.3497954644984702}