{"predicted_close": 1.1399247420970724, "predicted_high": 1.144102476489092, "predicted_low": 1.1370827404737227}