{"predicted_close": 0.6504549700004247, "predicted_high": 0.6510704091569668, "predicted_low": 0.649403407259058}