{"predicted_close": 144.97823187861877, "predicted_high": 145.39354996726024, "predicted_low": 144.63210873952266}