{"predicted_close": 0.6044541572418911, "predicted_high": 0.6103283219085558, "predicted_low": 0.6019613964356569}